{"asc_1":-0.012121360532344694,"asc_2":0.035506688456909963,"asc_3":0,"b_attr1":0.22345853357067577,"b_attr2":0.21524043748531915,"b_attr3":0.23020134981355025,"b_attr4":0.22361760993779489,"phi1":1.8847610506679462,"phi2":0.1,"error_sd":0.1,"timesteps":100}